Menu,Bacon,Bamboo shoots,Bean curd,Beef,Bok Choy,Cabbage,Carrot,Celery,Chicken,Cilantro,Corn,Cucumber,Egg,Enoki,Garlic,Green bean,Green pepper,Ham,Lettuce,Mushroom,Mutton,Onion,Potato,Peanut,Pork,Scallion,Seaweed,Shrimp,Shiitake,Tofu,Tomato,Turnip,Water,Woodear,Yellow bean sprout
braised pork,,,,,bok choy,,,,,,,,egg,,,,,,,,,,,,pork,,,,,,,,,,
cabbage and tofu coup,,,,,,cabbage,,,,,,,,,,,,,,,,,,,,scallion,,,,tofu,,,,,
fried egg,,,,,,,carrot,,,,,,egg,,,green bean,,,,,,,,,,,,,,,,,,,
fried egg deluxe version,,,,,,,carrot,,,,corn,,egg,,,green bean,,,,,,,,,,,,,,,,,,,
hot sour soup,,bamboo shoots,,,,,,,,cliantro,,,egg,enoki,,,,,,,,,,,pork,,,,shiitake,tofu,tomato,,water,woodear,
kung pao chicken,,,,,,,,,chicken,,,,,,,,,,,,,,,peanut,,,,,,,,,,,
kung pao chicken deluxe version,,,,,,,carrot,,chicken,,,cucumber,,,,,,,,,,,,peanut,,,,,,,,,,,
lettuce and tofu soup,,,,,,,,,,,,,,,,,,,lettuce,,,,,,,scallion,,,,tofu,,,water,,
lettuce and tomato soup,,,,,,,,,,,,,,,garlic,,,,lettuce,,,,,,,,,,,,tomato,,water,,
"lettuce, tomato, and tofu soup",,,,,,,,,,,,,,,garlic,,,,lettuce,,,,,,,,,,,tofu,tomato,,water,,
mushroom and egg soup,,,,,,,,,,cilantro,,,egg,,,,,,,mushroom,,,,,,,,,,,,,water,,
seaweed and egg soup,,,,,,,,,,cilantro,,,egg,,,,,,,,,,,,,,seaweed,,,,,,water,,
shrimp and egg soup,,,,,,,,,,cilantro,,,egg,,,,,,,,,,,,,,,shrimp,,,,,water,,
steamed egg with tofu,,,,,,,,,,cilantro,,,egg,,,,,,,,,,,,,,,,,tofu,,,,,
stir-fried beef with green pepper and onion,,,,beef,,,,,,,,,,,,,green pepper,,,,,onion,,,,,,,,,,,,,
stir-fried bok choy with tofu,,,,,bok choy,,,,,,,,,,,,,,,,,,,,,,,,,tofu,,,,,
stir-fried bok choy with yellow bean sprout,,,,,bok choy,,,,,,,,,,,,,,,,,,,,,,,,,,,,,,yellow bean sprout
stir-fried bok choy with tofu and yellow bean sprout,,,,,bok choy,,,,,,,,,,,,,,,,,,,,,,,,,tofu,,,,,yellow bean sprout
stir-fried cabbage with tofu,,,,,,cabbage,,,,,,,,,,,,,,,,,,,,,,,,tofu,,,,,
stir-fried celery with tofu,,,,,,,,celery,,,,,,,,,,,,,,,,,,,,,,tofu,,,,,
stir-fried celery with tofu and pork,,,,,,,,celery,,,,,,,,,,,,,,,,,pork,,,,,tofu,,,,,
stir-fried celery with tofu and woodear,,,,,,,,celery,,,,,,,,,,,,,,,,,,,,,,tofu,,,,woodear,
"stir-fried celery with tofu, pork, and woodear",,,,,,,,celery,,,,,,,,,,,,,,,,,pork,,,,,tofu,,,,woodear,
stir-fried celery with pork,,,,,,,,celery,,,,,,,,,,,,,,,,,pork,,,,,,,,,,
stir-fried celery with pork and woodear,,,,,,,,celery,,,,,,,,,,,,,,,,,pork,,,,,,,,,woodear,
stir-fried celery with woodear,,,,,,,,celery,,,,,,,,,,,,,,,,,,,,,,,,,,woodear,
stir-fried chicken with shrimp,,,,,,,,,chicken,,,,,,,,,,,,,,,,,,,shrimp,,,,,,,
stir-fried egg with bacon,bacon,,,,,,,,,,,,egg,,,,,,,,,,,,,,,,,,,,,,
stir-fried egg with cucumber,,,,,,,,,,,,cucumber,egg,,,,,,,,,,,,,,,,,,,,,,
stir-fried egg with enoki,,,,,,,,,,,,,egg,enoki,,,,,,,,,,,,,,,,,,,,,
stir-fried egg with ham,,,,,,,,,,,,,egg,,,,,ham,,,,,,,,,,,,,,,,,
stir-fried egg with mushroom,,,,,,,,,,,,,egg,,,,,,,mushroom,,,,,,,,,,,,,,,
stir-fried egg with mushroom and shrimp,,,,,,,,,,,,,egg,,,,,,,mushroom,,,,,,,,shrimp,,,,,,,
"stir-fried egg with mushroom, shrimp, and tomato",,,,,,,,,,,,,egg,,,,,,,mushroom,,,,,,,,shrimp,,,tomato,,,,
stir-fried egg with shrimp,,,,,,,,,,,,,egg,,,,,,,,,,,,,,,shrimp,,,,,,,
stir-fried egg with tomato,,,,,,,,,,,,,egg,,,,,,,,,,,,,,,,,,tomato,,,,
stir-fried egg with tomato and tofu,,,,,,,,,,,,,egg,,,,,,,,,,,,,,,,,tofu,tomato,,,,
"stir-fried egg with tomato, tofu, and enoki",,,,,,,,,,,,,egg,enoki,,,,,,,,,,,,,,,,tofu,tomato,,,,
stir-fried egg with woodear,,,,,,,,,,,,,egg,,,,,,,,,,,,,,,,,,,,,woodear,
stir-fried lettuce with tofu,,,,,,,,,,,,,,,,,,,lettuce,,,,,,,,,,,tofu,,,,,
stir-fried lettuce with tomato,,,,,,,,,,,,,,,,,,,lettuce,,,,,,,,,,,,tomato,,,,
stir-fried mutton with bean curd,,,bean curd,,,,,,,,,,,,,,,,,,mutton,,,,,,,,,,,,,,
stir-fried potato with green pepper,,,,,,,,,,,,,,,,,green pepper,,,,,,potato,,,,,,,,,,,,
stir-fried shrimp with tofu,,,,,,,,,,,,,,,,,,,,,,,,,,,,shrimp,,tofu,,,,,
stir-fried shrimp with tofu and green bean,,,,,,,,,,,,,,,,green bean,,,,,,,,,,,,shrimp,,tofu,,,,,
tomato and egg soup,,,,,,,,,,cilantro,,,egg,,,,,,,,,,,,,,,,,,tomato,,water,,
turnip bamboo shoots soup,,bamboo shoots,,,,,,,,,,,,,,,,,,,,,,,,scallion,,,,,,turnip,water,,
turnip pork rib bamboo shoots soup,,bamboo shoots,,,,,,,,,,,,,,,,,,,,,,,pork,scallion,,,,,,turnip,water,,
turnip pork rib soup,,,,,,,,,,,,,,,,,,,,,,,,,pork,scallion,,,,,,turnip,water,,
woodear and egg soup,,,,,,,,,,cliantro,,,egg,,,,,,,,,,,,,,,,,,,,water,woodear,